index,Orig,Dest,Dist
929918,E02000979,E02000001,3431.794874
929919,E02000979,E02000002,21445.84086
929920,E02000979,E02000003,20891.81986
929921,E02000979,E02000004,22498.82935
929922,E02000979,E02000005,20490.94575
929923,E02000979,E02000007,21290.58821
929924,E02000979,E02000008,19651.155
929925,E02000979,E02000009,18493.1561
929926,E02000979,E02000010,20339.9238
929927,E02000979,E02000011,21691.08809
929928,E02000979,E02000012,16952.41992
929929,E02000979,E02000013,18502.10786
929930,E02000979,E02000014,19869.03246
929931,E02000979,E02000015,21042.00975
929932,E02000979,E02000016,15245.17412
929933,E02000979,E02000017,16058.1052
929934,E02000979,E02000018,17649.39449
929935,E02000979,E02000019,18968.40534
929936,E02000979,E02000020,16843.58184
929937,E02000979,E02000021,20206.60553
929938,E02000979,E02000022,15349.14979
929939,E02000979,E02000023,17456.22446
929940,E02000979,E02000024,18325.58971
929941,E02000979,E02000025,17671.97746
929942,E02000979,E02000026,16640.1051
929943,E02000979,E02000027,16981.34423
929944,E02000979,E02000028,16448.23106
929945,E02000979,E02000029,16090.49968
929946,E02000979,E02000030,16815.46615
929947,E02000979,E02000031,15142.0625
929948,E02000979,E02000032,14752.3331
929949,E02000979,E02000033,14212.77568
929950,E02000979,E02000034,13937.15939
929951,E02000979,E02000035,14118.15075
929952,E02000979,E02000036,16446.61503
929953,E02000979,E02000037,17780.94878
929954,E02000979,E02000038,13049.45184
929955,E02000979,E02000039,14950.99407
929956,E02000979,E02000040,14381.04356
929957,E02000979,E02000041,15944.83428
929958,E02000979,E02000042,12918.16404
929959,E02000979,E02000043,13446.89312
929960,E02000979,E02000044,14897.41487
929961,E02000979,E02000045,12021.46342
929962,E02000979,E02000046,12038.68101
929963,E02000979,E02000047,14558.41478
929964,E02000979,E02000048,12916.96381
929965,E02000979,E02000049,13858.40378
929966,E02000979,E02000050,11559.0193
929967,E02000979,E02000051,11515.85495
929968,E02000979,E02000052,10573.02356
929969,E02000979,E02000053,13072.2219
929970,E02000979,E02000054,12425.87971
929971,E02000979,E02000055,11677.2048
929972,E02000979,E02000056,9646.098002
929973,E02000979,E02000057,10994.69923
929974,E02000979,E02000058,10257.3947
929975,E02000979,E02000059,11666.61663
929976,E02000979,E02000060,10259.8858
929977,E02000979,E02000061,8954.311725
929978,E02000979,E02000062,9927.181313
929979,E02000979,E02000063,9182.223802
929980,E02000979,E02000064,8299.596957
929981,E02000979,E02000065,18793.74593
929982,E02000979,E02000066,18413.04956
929983,E02000979,E02000067,19876.23681
929984,E02000979,E02000068,21161.17292
929985,E02000979,E02000069,20524.43851
929986,E02000979,E02000070,18738.62387
929987,E02000979,E02000071,20361.92496
929988,E02000979,E02000072,23271.00641
929989,E02000979,E02000073,18409.30331
929990,E02000979,E02000074,21906.13995
929991,E02000979,E02000075,19609.97119
929992,E02000979,E02000077,17630.76695
929993,E02000979,E02000078,21293.79961
929994,E02000979,E02000079,19579.82557
929995,E02000979,E02000080,17210.23742
929996,E02000979,E02000081,20976.51271
929997,E02000979,E02000082,16195.02283
929998,E02000979,E02000083,22560.46515
929999,E02000979,E02000084,18917.78384
930000,E02000979,E02000085,17912.53547
930001,E02000979,E02000086,17234.85618
930002,E02000979,E02000087,20919.27267
930003,E02000979,E02000088,19091.91785
930004,E02000979,E02000089,16803.41674
930005,E02000979,E02000090,17807.76389
930006,E02000979,E02000091,18918.75223
930007,E02000979,E02000092,20649.3362
930008,E02000979,E02000093,14319.54489
930009,E02000979,E02000094,13207.14463
930010,E02000979,E02000095,13876.58647
930011,E02000979,E02000096,14839.92025
930012,E02000979,E02000097,12484.40286
930013,E02000979,E02000098,13364.36746
930014,E02000979,E02000099,13984.02019
930015,E02000979,E02000100,15051.34991
930016,E02000979,E02000101,12023.49562
930017,E02000979,E02000102,11046.03105
930018,E02000979,E02000103,9997.340954
930019,E02000979,E02000104,13022.87876
930020,E02000979,E02000105,14108.85349
930021,E02000979,E02000106,10371.93379
930022,E02000979,E02000107,8678.069851
930023,E02000979,E02000108,14734.5453
930024,E02000979,E02000109,11761.28055
930025,E02000979,E02000110,9059.985139
930026,E02000979,E02000111,13194.19736
930027,E02000979,E02000112,11912.49697
930028,E02000979,E02000113,10538.74518
930029,E02000979,E02000114,8436.186293
930030,E02000979,E02000115,7614.956074
930031,E02000979,E02000116,8778.695638
930032,E02000979,E02000117,9499.594338
930033,E02000979,E02000118,11822.79364
930034,E02000979,E02000119,10314.28359
930035,E02000979,E02000120,6477.401556
930036,E02000979,E02000121,12396.83713
930037,E02000979,E02000122,7569.653301
930038,E02000979,E02000123,8773.987956
930039,E02000979,E02000124,6677.605709
930040,E02000979,E02000125,7656.370518
930041,E02000979,E02000126,5762.234779
930042,E02000979,E02000127,14169.84122
930043,E02000979,E02000128,16686.85946
930044,E02000979,E02000130,10793.25905
930045,E02000979,E02000131,9937.616914
930046,E02000979,E02000132,11845.20669
930047,E02000979,E02000133,16660.34612
930048,E02000979,E02000134,14349.87771
930049,E02000979,E02000135,10920.4104
930050,E02000979,E02000136,18592.78536
930051,E02000979,E02000137,13682.17279
930052,E02000979,E02000138,13095.71182
930053,E02000979,E02000139,11855.10766
930054,E02000979,E02000140,19885.0397
930055,E02000979,E02000141,11702.53344
930056,E02000979,E02000142,15667.51416
930057,E02000979,E02000144,15167.56061
930058,E02000979,E02000145,22152.79824
930059,E02000979,E02000146,16475.32393
930060,E02000979,E02000147,14798.59568
930061,E02000979,E02000148,18034.78507
930062,E02000979,E02000149,20426.47731
930063,E02000979,E02000150,14222.96911
930064,E02000979,E02000151,19427.83092
930065,E02000979,E02000152,18018.80044
930066,E02000979,E02000153,16355.19368
930067,E02000979,E02000154,20761.18458
930068,E02000979,E02000155,21854.16515
930069,E02000979,E02000156,16008.33726
930070,E02000979,E02000157,20180.44553
930071,E02000979,E02000158,22536.22901
930072,E02000979,E02000159,19335.30944
930073,E02000979,E02000160,17952.03978
930074,E02000979,E02000161,21841.15849
930075,E02000979,E02000162,22347.69954
930076,E02000979,E02000163,24042.63543
930077,E02000979,E02000165,23139.5002
930078,E02000979,E02000166,7495.449545
930079,E02000979,E02000167,7528.240019
930080,E02000979,E02000168,6308.414646
930081,E02000979,E02000169,7382.408884
930082,E02000979,E02000170,7702.376207
930083,E02000979,E02000171,6210.161093
930084,E02000979,E02000172,5750.747173
930085,E02000979,E02000173,6333.450783
930086,E02000979,E02000174,5525.593684
930087,E02000979,E02000175,6806.220315
930088,E02000979,E02000176,5900.50581
930089,E02000979,E02000177,5382.044196
930090,E02000979,E02000178,6996.165536
930091,E02000979,E02000179,5507.083632
930092,E02000979,E02000180,5058.737267
930093,E02000979,E02000181,6197.349791
930094,E02000979,E02000182,5339.907019
930095,E02000979,E02000183,4782.903913
930096,E02000979,E02000184,4503.757074
930097,E02000979,E02000185,5800.243858
930098,E02000979,E02000186,3865.775481
930099,E02000979,E02000187,3919.649102
930100,E02000979,E02000188,3354.725934
930101,E02000979,E02000189,3409.418378
930102,E02000979,E02000190,3121.843025
930103,E02000979,E02000191,2617.384148
930104,E02000979,E02000192,2922.641482
930105,E02000979,E02000193,2336.858123
930106,E02000979,E02000194,9834.73956
930107,E02000979,E02000195,9437.395354
930108,E02000979,E02000196,9982.762907
930109,E02000979,E02000197,10309.98531
930110,E02000979,E02000198,10623.02915
930111,E02000979,E02000199,11070.06779
930112,E02000979,E02000200,11317.68515
930113,E02000979,E02000201,11909.52051
930114,E02000979,E02000202,11216.44211
930115,E02000979,E02000203,11632.46767
930116,E02000979,E02000204,11651.42301
930117,E02000979,E02000206,12424.55236
930118,E02000979,E02000207,13156.39175
930119,E02000979,E02000208,12434.67009
930120,E02000979,E02000209,12449.6486
930121,E02000979,E02000210,13277.08104
930122,E02000979,E02000211,14238.03814
930123,E02000979,E02000212,13250.62218
930124,E02000979,E02000213,13280.15273
930125,E02000979,E02000214,14102.86144
930126,E02000979,E02000215,13823.56509
930127,E02000979,E02000216,14925.59587
930128,E02000979,E02000217,14157.85951
930129,E02000979,E02000218,15933.00654
930130,E02000979,E02000219,16059.67332
930131,E02000979,E02000220,14730.26108
930132,E02000979,E02000221,15646.54782
930133,E02000979,E02000222,16020.6629
930134,E02000979,E02000223,17952.95876
930135,E02000979,E02000224,16840.78746
930136,E02000979,E02000225,18791.71146
930137,E02000979,E02000226,17157.92198
930138,E02000979,E02000227,18317.87601
930139,E02000979,E02000228,17961.71053
930140,E02000979,E02000229,20029.08001
930141,E02000979,E02000230,17806.10961
930142,E02000979,E02000231,18298.10026
930143,E02000979,E02000232,19443.75923
930144,E02000979,E02000233,19548.66335
930145,E02000979,E02000234,19802.80279
930146,E02000979,E02000235,20332.10791
930147,E02000979,E02000236,21008.13276
930148,E02000979,E02000237,21993.14201
930149,E02000979,E02000238,16004.38488
930150,E02000979,E02000239,14438.62946
930151,E02000979,E02000240,17596.54167
930152,E02000979,E02000241,16804.6955
930153,E02000979,E02000242,13170.30439
930154,E02000979,E02000243,15281.93251
930155,E02000979,E02000244,13705.08547
930156,E02000979,E02000245,17928.25577
930157,E02000979,E02000246,18934.81716
930158,E02000979,E02000247,16717.97618
930159,E02000979,E02000248,11445.76439
930160,E02000979,E02000249,15540.30023
930161,E02000979,E02000250,12466.77289
930162,E02000979,E02000251,16162.84743
930163,E02000979,E02000252,9437.285671
930164,E02000979,E02000253,14282.40818
930165,E02000979,E02000254,16781.22632
930166,E02000979,E02000255,13443.88338
930167,E02000979,E02000256,12650.27439
930168,E02000979,E02000257,11355.10693
930169,E02000979,E02000258,9867.150829
930170,E02000979,E02000259,14605.04104
930171,E02000979,E02000260,16546.772
930172,E02000979,E02000261,8405.696293
930173,E02000979,E02000262,9435.292306
930174,E02000979,E02000263,17549.16924
930175,E02000979,E02000264,10548.82456
930176,E02000979,E02000265,13312.2354
930177,E02000979,E02000266,15458.60423
930178,E02000979,E02000267,14175.17868
930179,E02000979,E02000268,11609.12683
930180,E02000979,E02000269,12486.20847
930181,E02000979,E02000270,9669.857776
930182,E02000979,E02000271,8580.074445
930183,E02000979,E02000272,13531.59085
930184,E02000979,E02000274,17819.12582
930185,E02000979,E02000275,16522.30243
930186,E02000979,E02000276,12231.40649
930187,E02000979,E02000277,21069.56351
930188,E02000979,E02000278,20499.75717
930189,E02000979,E02000279,20844.4699
930190,E02000979,E02000280,20032.04533
930191,E02000979,E02000281,19272.22761
930192,E02000979,E02000282,19408.30295
930193,E02000979,E02000283,19248.8017
930194,E02000979,E02000284,18117.12947
930195,E02000979,E02000285,18284.69066
930196,E02000979,E02000286,18082.32062
930197,E02000979,E02000287,18368.45236
930198,E02000979,E02000288,17900.67358
930199,E02000979,E02000289,17296.17973
930200,E02000979,E02000290,18497.01943
930201,E02000979,E02000291,16900.12501
930202,E02000979,E02000292,17077.04799
930203,E02000979,E02000293,16392.38376
930204,E02000979,E02000294,16801.63809
930205,E02000979,E02000295,15663.65061
930206,E02000979,E02000296,15896.06762
930207,E02000979,E02000297,15667.11828
930208,E02000979,E02000298,15103.88099
930209,E02000979,E02000299,15849.54761
930210,E02000979,E02000300,15498.75214
930211,E02000979,E02000301,15797.04383
930212,E02000979,E02000302,14364.73619
930213,E02000979,E02000303,14479.96017
930214,E02000979,E02000304,13844.3921
930215,E02000979,E02000305,13872.38869
930216,E02000979,E02000306,14587.71551
930217,E02000979,E02000307,13951.59493
930218,E02000979,E02000308,12965.13882
930219,E02000979,E02000309,13764.49926
930220,E02000979,E02000311,12958.32095
930221,E02000979,E02000312,12828.46855
930222,E02000979,E02000313,17294.73023
930223,E02000979,E02000314,16166.13599
930224,E02000979,E02000315,17188.59456
930225,E02000979,E02000316,13038.07518
930226,E02000979,E02000317,12936.78087
930227,E02000979,E02000318,16017.59579
930228,E02000979,E02000319,15199.17993
930229,E02000979,E02000320,17350.67567
930230,E02000979,E02000321,14787.24547
930231,E02000979,E02000323,14321.80781
930232,E02000979,E02000324,12266.18709
930233,E02000979,E02000326,11383.62819
930234,E02000979,E02000327,13485.03326
930235,E02000979,E02000328,10495.48423
930236,E02000979,E02000329,15424.89191
930237,E02000979,E02000331,12359.67277
930238,E02000979,E02000332,14401.64239
930239,E02000979,E02000333,11086.43095
930240,E02000979,E02000334,12520.63287
930241,E02000979,E02000335,14364.24088
930242,E02000979,E02000337,13066.79799
930243,E02000979,E02000339,14242.88535
930244,E02000979,E02000340,14972.51696
930245,E02000979,E02000341,13127.60549
930246,E02000979,E02000342,16000.39947
930247,E02000979,E02000343,14866.60433
930248,E02000979,E02000344,15755.02526
930249,E02000979,E02000345,9502.191849
930250,E02000979,E02000346,8558.654692
930251,E02000979,E02000347,8739.751608
930252,E02000979,E02000348,9202.280103
930253,E02000979,E02000350,8603.223114
930254,E02000979,E02000351,7738.825279
930255,E02000979,E02000352,7869.096257
930256,E02000979,E02000353,8050.294309
930257,E02000979,E02000354,8199.68993
930258,E02000979,E02000355,8684.010704
930259,E02000979,E02000356,7197.821036
930260,E02000979,E02000357,9558.275579
930261,E02000979,E02000358,7392.673402
930262,E02000979,E02000359,8796.67054
930263,E02000979,E02000360,7561.695474
930264,E02000979,E02000361,7735.630826
930265,E02000979,E02000362,9151.28764
930266,E02000979,E02000363,8088.027325
930267,E02000979,E02000364,6908.608407
930268,E02000979,E02000365,6383.457751
930269,E02000979,E02000366,7806.598222
930270,E02000979,E02000367,7013.155574
930271,E02000979,E02000368,6194.540012
930272,E02000979,E02000369,5625.392055
930273,E02000979,E02000370,4837.362221
930274,E02000979,E02000371,4859.522539
930275,E02000979,E02000372,7615.696966
930276,E02000979,E02000373,7129.27828
930277,E02000979,E02000374,7553.638284
930278,E02000979,E02000375,6321.985836
930279,E02000979,E02000376,6684.309882
930280,E02000979,E02000377,7345.599697
930281,E02000979,E02000378,5989.819301
930282,E02000979,E02000379,7741.693711
930283,E02000979,E02000380,6669.461969
930284,E02000979,E02000381,5846.620833
930285,E02000979,E02000382,7292.50727
930286,E02000979,E02000383,5347.609602
930287,E02000979,E02000384,6443.001081
930288,E02000979,E02000385,5516.527591
930289,E02000979,E02000386,4977.254563
930290,E02000979,E02000387,5847.694511
930291,E02000979,E02000388,4774.850023
930292,E02000979,E02000389,6348.287368
930293,E02000979,E02000390,5598.257511
930294,E02000979,E02000391,4731.339565
930295,E02000979,E02000392,5382.447487
930296,E02000979,E02000393,5972.987429
930297,E02000979,E02000394,4570.196262
930298,E02000979,E02000395,6088.806546
930299,E02000979,E02000396,5317.479744
930300,E02000979,E02000397,11928.46769
930301,E02000979,E02000398,12967.99272
930302,E02000979,E02000400,11823.13534
930303,E02000979,E02000401,12097.8554
930304,E02000979,E02000402,12208.001
930305,E02000979,E02000403,11737.94663
930306,E02000979,E02000404,11649.71316
930307,E02000979,E02000405,10945.99053
930308,E02000979,E02000406,11088.9868
930309,E02000979,E02000407,11510.68649
930310,E02000979,E02000408,11714.11397
930311,E02000979,E02000409,11098.58925
930312,E02000979,E02000410,10712.56562
930313,E02000979,E02000411,11769.92349
930314,E02000979,E02000412,10640.42702
930315,E02000979,E02000413,10673.43927
930316,E02000979,E02000414,10942.81783
930317,E02000979,E02000415,10552.9929
930318,E02000979,E02000416,9965.164388
930319,E02000979,E02000417,9770.302944
930320,E02000979,E02000418,9730.581159
930321,E02000979,E02000419,9881.892856
930322,E02000979,E02000420,10385.7012
930323,E02000979,E02000421,10631.50899
930324,E02000979,E02000422,9910.936466
930325,E02000979,E02000423,9609.684348
930326,E02000979,E02000424,9260.500547
930327,E02000979,E02000425,10034.15352
930328,E02000979,E02000426,9012.296099
930329,E02000979,E02000427,8710.03055
930330,E02000979,E02000428,9363.37974
930331,E02000979,E02000429,8807.683636
930332,E02000979,E02000430,8745.814503
930333,E02000979,E02000431,8284.08123
930334,E02000979,E02000432,8374.705667
930335,E02000979,E02000433,19046.91988
930336,E02000979,E02000434,16766.73745
930337,E02000979,E02000435,18071.59104
930338,E02000979,E02000436,20364.0249
930339,E02000979,E02000437,18603.37151
930340,E02000979,E02000438,20001.77848
930341,E02000979,E02000439,15486.51964
930342,E02000979,E02000440,17037.86087
930343,E02000979,E02000441,21547.50152
930344,E02000979,E02000442,15396.70331
930345,E02000979,E02000443,18078.09376
930346,E02000979,E02000444,16016.61899
930347,E02000979,E02000445,17290.52161
930348,E02000979,E02000447,18975.32026
930349,E02000979,E02000448,20193.29524
930350,E02000979,E02000449,14972.93529
930351,E02000979,E02000451,19113.15017
930352,E02000979,E02000452,17273.80316
930353,E02000979,E02000453,17833.31749
930354,E02000979,E02000454,19727.47398
930355,E02000979,E02000455,16400.57468
930356,E02000979,E02000456,17654.29573
930357,E02000979,E02000457,18423.12934
930358,E02000979,E02000459,16966.68975
930359,E02000979,E02000460,17918.04416
930360,E02000979,E02000461,15966.77514
930361,E02000979,E02000462,17063.36807
930362,E02000979,E02000463,17954.4666
930363,E02000979,E02000464,28140.0239
930364,E02000979,E02000465,28765.61689
930365,E02000979,E02000466,25499.88569
930366,E02000979,E02000467,27153.38109
930367,E02000979,E02000468,23703.27353
930368,E02000979,E02000469,26072.46668
930369,E02000979,E02000470,28525.49597
930370,E02000979,E02000471,24556.52093
930371,E02000979,E02000472,23508.72086
930372,E02000979,E02000473,27016.64044
930373,E02000979,E02000474,22613.98439
930374,E02000979,E02000475,25374.57544
930375,E02000979,E02000476,23728.77697
930376,E02000979,E02000477,25023.29531
930377,E02000979,E02000478,26675.88912
930378,E02000979,E02000479,23964.30342
930379,E02000979,E02000480,22201.53037
930380,E02000979,E02000481,30398.19514
930381,E02000979,E02000482,28103.20648
930382,E02000979,E02000483,25501.78412
930383,E02000979,E02000484,23998.01932
930384,E02000979,E02000485,26662.34227
930385,E02000979,E02000486,24583.40948
930386,E02000979,E02000487,27441.58568
930387,E02000979,E02000488,24802.83702
930388,E02000979,E02000489,23407.05674
930389,E02000979,E02000490,23201.93075
930390,E02000979,E02000491,21743.90468
930391,E02000979,E02000492,23986.16311
930392,E02000979,E02000493,23280.08187
930393,E02000979,E02000494,24182.63381
930394,E02000979,E02000495,22950.86845
930395,E02000979,E02000496,26163.0737
930396,E02000979,E02000497,21597.82024
930397,E02000979,E02000498,23260.54369
930398,E02000979,E02000499,20171.42654
930399,E02000979,E02000500,21879.8932
930400,E02000979,E02000501,20075.6182
930401,E02000979,E02000502,21455.1993
930402,E02000979,E02000503,20215.2114
930403,E02000979,E02000504,23123.51601
930404,E02000979,E02000506,23992.75105
930405,E02000979,E02000507,21494.50854
930406,E02000979,E02000508,23785.92663
930407,E02000979,E02000509,24741.34213
930408,E02000979,E02000510,22744.11334
930409,E02000979,E02000511,20562.20891
930410,E02000979,E02000512,21712.84151
930411,E02000979,E02000513,18746.06433
930412,E02000979,E02000514,19458.82865
930413,E02000979,E02000515,24082.93322
930414,E02000979,E02000516,17743.49004
930415,E02000979,E02000517,21142.70325
930416,E02000979,E02000518,22579.49206
930417,E02000979,E02000519,18974.76195
930418,E02000979,E02000520,20086.46996
930419,E02000979,E02000521,21957.58422
930420,E02000979,E02000522,23500.89574
930421,E02000979,E02000523,20110.43046
930422,E02000979,E02000524,23126.9464
930423,E02000979,E02000525,20276.22057
930424,E02000979,E02000526,8107.897257
930425,E02000979,E02000528,11204.82095
930426,E02000979,E02000529,16809.04103
930427,E02000979,E02000530,18427.92584
930428,E02000979,E02000531,12590.80904
930429,E02000979,E02000532,8947.94747
930430,E02000979,E02000533,9897.209085
930431,E02000979,E02000534,14448.46227
930432,E02000979,E02000535,17883.38922
930433,E02000979,E02000536,16741.60766
930434,E02000979,E02000537,15526.91926
930435,E02000979,E02000538,19063.42596
930436,E02000979,E02000539,13888.46974
930437,E02000979,E02000540,15223.45515
930438,E02000979,E02000541,18116.94838
930439,E02000979,E02000542,17147.29843
930440,E02000979,E02000543,16417.78651
930441,E02000979,E02000544,15439.74683
930442,E02000979,E02000545,14212.99476
930443,E02000979,E02000546,17983.5108
930444,E02000979,E02000547,20161.4182
930445,E02000979,E02000548,22164.75729
930446,E02000979,E02000549,19274.31617
930447,E02000979,E02000550,20606.29199
930448,E02000979,E02000551,18907.37158
930449,E02000979,E02000552,21474.63568
930450,E02000979,E02000553,19914.9972
930451,E02000979,E02000554,8036.666257
930452,E02000979,E02000555,7781.865671
930453,E02000979,E02000556,7563.054928
930454,E02000979,E02000557,7205.573203
930455,E02000979,E02000558,7165.287796
930456,E02000979,E02000559,7118.576503
930457,E02000979,E02000560,6785.952225
930458,E02000979,E02000561,6619.289911
930459,E02000979,E02000562,6717.571845
930460,E02000979,E02000563,6100.720699
930461,E02000979,E02000564,6165.260156
930462,E02000979,E02000565,6662.031321
930463,E02000979,E02000566,5954.274548
930464,E02000979,E02000567,6091.167584
930465,E02000979,E02000568,5250.984906
930466,E02000979,E02000569,5569.218425
930467,E02000979,E02000570,4947.439395
930468,E02000979,E02000571,5182.826696
930469,E02000979,E02000572,4330.151621
930470,E02000979,E02000573,4529.650159
930471,E02000979,E02000574,3880.885156
930472,E02000979,E02000575,3581.64146
930473,E02000979,E02000576,4108.00565
930474,E02000979,E02000577,6246.96127
930475,E02000979,E02000578,6471.776171
930476,E02000979,E02000579,6246.731178
930477,E02000979,E02000580,5349.575095
930478,E02000979,E02000581,5750.57237
930479,E02000979,E02000582,4711.953994
930480,E02000979,E02000583,5339.622772
930481,E02000979,E02000584,4182.256562
930482,E02000979,E02000585,5084.04438
930483,E02000979,E02000586,3541.202278
930484,E02000979,E02000587,4365.054226
930485,E02000979,E02000588,1975.55639
930486,E02000979,E02000589,3853.270007
930487,E02000979,E02000590,2483.513667
930488,E02000979,E02000591,4563.951367
930489,E02000979,E02000592,3184.009607
930490,E02000979,E02000593,4088.907582
930491,E02000979,E02000594,2204.289126
930492,E02000979,E02000595,2994.886249
930493,E02000979,E02000596,3732.046072
930494,E02000979,E02000597,3831.965351
930495,E02000979,E02000598,14118.57469
930496,E02000979,E02000599,12374.87107
930497,E02000979,E02000600,13723.56655
930498,E02000979,E02000601,14619.42609
930499,E02000979,E02000602,14884.83326
930500,E02000979,E02000603,14280.36864
930501,E02000979,E02000604,13438.15125
930502,E02000979,E02000605,14242.94131
930503,E02000979,E02000606,15838.74583
930504,E02000979,E02000607,15438.65348
930505,E02000979,E02000608,16787.3053
930506,E02000979,E02000609,14941.24704
930507,E02000979,E02000610,16927.59939
930508,E02000979,E02000611,15900.92501
930509,E02000979,E02000612,14804.29095
930510,E02000979,E02000613,17435.16759
930511,E02000979,E02000614,16984.95984
930512,E02000979,E02000615,18482.74378
930513,E02000979,E02000616,18830.90638
930514,E02000979,E02000617,20983.70087
930515,E02000979,E02000619,1714.998942
930516,E02000979,E02000620,1780.201479
930517,E02000979,E02000621,2060.204025
930518,E02000979,E02000622,2701.905198
930519,E02000979,E02000623,2558.764994
930520,E02000979,E02000624,3066.532881
930521,E02000979,E02000625,3008.972886
930522,E02000979,E02000626,3818.855482
930523,E02000979,E02000627,3510.670923
930524,E02000979,E02000628,3905.990349
930525,E02000979,E02000629,3530.423981
930526,E02000979,E02000630,3848.077784
930527,E02000979,E02000631,4712.154525
930528,E02000979,E02000632,4222.064024
930529,E02000979,E02000633,4551.566625
930530,E02000979,E02000634,4369.850622
930531,E02000979,E02000635,5271.750368
930532,E02000979,E02000636,4802.452143
930533,E02000979,E02000637,5288.396922
930534,E02000979,E02000638,5496.438254
930535,E02000979,E02000639,5714.694322
930536,E02000979,E02000640,5854.602398
930537,E02000979,E02000641,6161.984897
930538,E02000979,E02000642,6662.323627
930539,E02000979,E02000643,6633.522103
930540,E02000979,E02000644,7123.980656
930541,E02000979,E02000645,7632.987681
930542,E02000979,E02000646,7177.79509
930543,E02000979,E02000647,8020.541135
930544,E02000979,E02000648,8434.888447
930545,E02000979,E02000649,8082.527923
930546,E02000979,E02000650,8907.978229
930547,E02000979,E02000651,8890.160521
930548,E02000979,E02000652,9328.438876
930549,E02000979,E02000653,6653.333164
930550,E02000979,E02000654,7264.931717
930551,E02000979,E02000655,6393.961789
930552,E02000979,E02000657,7708.462975
930553,E02000979,E02000658,6788.265471
930554,E02000979,E02000659,9612.447388
930555,E02000979,E02000660,8226.32143
930556,E02000979,E02000661,10435.51524
930557,E02000979,E02000662,7546.370315
930558,E02000979,E02000663,8829.54348
930559,E02000979,E02000664,9579.21296
930560,E02000979,E02000665,10732.52204
930561,E02000979,E02000666,8743.647958
930562,E02000979,E02000667,8575.462416
930563,E02000979,E02000668,11398.74059
930564,E02000979,E02000669,10604.93598
930565,E02000979,E02000670,10276.14523
930566,E02000979,E02000671,8712.860181
930567,E02000979,E02000672,9641.529076
930568,E02000979,E02000673,8136.62998
930569,E02000979,E02000674,11222.15654
930570,E02000979,E02000675,12451.83146
930571,E02000979,E02000676,9211.931357
930572,E02000979,E02000677,10781.80021
930573,E02000979,E02000678,12190.75303
930574,E02000979,E02000679,9474.321078
930575,E02000979,E02000680,8751.091166
930576,E02000979,E02000681,10281.12072
930577,E02000979,E02000682,11610.07103
930578,E02000979,E02000683,13835.7875
930579,E02000979,E02000685,9241.572887
930580,E02000979,E02000686,11507.98237
930581,E02000979,E02000687,10069.17302
930582,E02000979,E02000689,8491.043498
930583,E02000979,E02000690,10323.22478
930584,E02000979,E02000691,9388.155698
930585,E02000979,E02000692,10234.5442
930586,E02000979,E02000693,9344.735524
930587,E02000979,E02000694,9577.215556
930588,E02000979,E02000695,9222.255977
930589,E02000979,E02000696,9571.463634
930590,E02000979,E02000697,10361.8569
930591,E02000979,E02000698,11847.38766
930592,E02000979,E02000699,11172.18214
930593,E02000979,E02000700,10448.5543
930594,E02000979,E02000701,10071.07542
930595,E02000979,E02000702,10673.36114
930596,E02000979,E02000703,11229.43954
930597,E02000979,E02000704,12254.72543
930598,E02000979,E02000705,10378.73674
930599,E02000979,E02000706,10681.13877
930600,E02000979,E02000707,11266.09754
930601,E02000979,E02000708,13295.3231
930602,E02000979,E02000709,12547.76603
930603,E02000979,E02000710,11695.29017
930604,E02000979,E02000711,11909.62046
930605,E02000979,E02000712,12841.62723
930606,E02000979,E02000713,13799.80027
930607,E02000979,E02000714,12445.51973
930608,E02000979,E02000715,14769.09408
930609,E02000979,E02000716,14031.8724
930610,E02000979,E02000717,13976.127
930611,E02000979,E02000718,14783.65888
930612,E02000979,E02000719,11700.17705
930613,E02000979,E02000720,12896.82433
930614,E02000979,E02000721,12294.03131
930615,E02000979,E02000722,11395.31245
930616,E02000979,E02000723,13804.28291
930617,E02000979,E02000724,13249.32656
930618,E02000979,E02000725,10691.57013
930619,E02000979,E02000726,9862.059254
930620,E02000979,E02000727,12719.30408
930621,E02000979,E02000728,14322.67959
930622,E02000979,E02000729,11532.92353
930623,E02000979,E02000730,12143.09078
930624,E02000979,E02000731,13474.74686
930625,E02000979,E02000732,12863.48363
930626,E02000979,E02000733,10625.98369
930627,E02000979,E02000734,11235.37723
930628,E02000979,E02000735,12015.32731
930629,E02000979,E02000736,14441.89454
930630,E02000979,E02000737,13606.11552
930631,E02000979,E02000738,12748.53013
930632,E02000979,E02000739,11475.18562
930633,E02000979,E02000740,10291.9286
930634,E02000979,E02000741,12043.5108
930635,E02000979,E02000742,13156.55919
930636,E02000979,E02000743,10717.48631
930637,E02000979,E02000744,11346.58838
930638,E02000979,E02000745,12489.85733
930639,E02000979,E02000746,14712.29596
930640,E02000979,E02000747,10204.24537
930641,E02000979,E02000748,13023.07937
930642,E02000979,E02000749,11579.31775
930643,E02000979,E02000750,12573.55021
930644,E02000979,E02000751,17088.36397
930645,E02000979,E02000752,22106.54974
930646,E02000979,E02000753,20439.06386
930647,E02000979,E02000754,17395.51957
930648,E02000979,E02000755,17515.08609
930649,E02000979,E02000756,18900.86612
930650,E02000979,E02000757,15427.10455
930651,E02000979,E02000758,17244.07226
930652,E02000979,E02000759,15956.97338
930653,E02000979,E02000760,17907.62999
930654,E02000979,E02000762,16714.58237
930655,E02000979,E02000763,19965.98159
930656,E02000979,E02000764,14304.69486
930657,E02000979,E02000765,16912.34621
930658,E02000979,E02000767,17474.47287
930659,E02000979,E02000768,14531.34109
930660,E02000979,E02000769,19812.92861
930661,E02000979,E02000770,18027.92806
930662,E02000979,E02000772,18972.43889
930663,E02000979,E02000773,16946.46439
930664,E02000979,E02000774,17986.51805
930665,E02000979,E02000776,16347.9938
930666,E02000979,E02000777,13572.45229
930667,E02000979,E02000779,15429.37379
930668,E02000979,E02000780,16303.36574
930669,E02000979,E02000781,17204.13567
930670,E02000979,E02000782,15437.11731
930671,E02000979,E02000783,15780.56913
930672,E02000979,E02000784,7463.024762
930673,E02000979,E02000785,11731.69593
930674,E02000979,E02000786,8688.376191
930675,E02000979,E02000787,10779.02075
930676,E02000979,E02000788,9972.898873
930677,E02000979,E02000789,11644.926
930678,E02000979,E02000790,13736.76054
930679,E02000979,E02000791,12499.43886
930680,E02000979,E02000792,13490.23862
930681,E02000979,E02000793,16362.03486
930682,E02000979,E02000794,15090.81512
930683,E02000979,E02000795,11875.86961
930684,E02000979,E02000796,17420.23111
930685,E02000979,E02000797,14936.33255
930686,E02000979,E02000798,16917.04028
930687,E02000979,E02000799,15702.16312
930688,E02000979,E02000800,14553.04546
930689,E02000979,E02000801,15951.44873
930690,E02000979,E02000802,17219.26031
930691,E02000979,E02000803,18482.29666
930692,E02000979,E02000804,16613.13461
930693,E02000979,E02000805,15548.74593
930694,E02000979,E02000806,17994.55573
930695,E02000979,E02000807,6397.529124
930696,E02000979,E02000808,2656.881632
930697,E02000979,E02000809,3884.317639
930698,E02000979,E02000810,4558.675467
930699,E02000979,E02000812,3406.824947
930700,E02000979,E02000813,5719.159885
930701,E02000979,E02000814,6656.382097
930702,E02000979,E02000815,2733.29416
930703,E02000979,E02000816,4899.749054
930704,E02000979,E02000817,5523.815394
930705,E02000979,E02000818,3072.810615
930706,E02000979,E02000819,4285.886991
930707,E02000979,E02000820,2534.923654
930708,E02000979,E02000821,4099.96419
930709,E02000979,E02000822,3500.079261
930710,E02000979,E02000823,3242.060286
930711,E02000979,E02000824,5268.717323
930712,E02000979,E02000825,4547.259837
930713,E02000979,E02000826,4116.960863
930714,E02000979,E02000827,3642.965632
930715,E02000979,E02000828,5387.572422
930716,E02000979,E02000829,6022.778207
930717,E02000979,E02000830,4837.919087
930718,E02000979,E02000831,5535.357554
930719,E02000979,E02000832,6453.636028
930720,E02000979,E02000833,5309.055182
930721,E02000979,E02000834,6426.715658
930722,E02000979,E02000835,7477.637963
930723,E02000979,E02000836,6281.848944
930724,E02000979,E02000837,6422.173467
930725,E02000979,E02000838,7308.95137
930726,E02000979,E02000839,8150.235602
930727,E02000979,E02000840,12683.61342
930728,E02000979,E02000841,13382.15861
930729,E02000979,E02000842,14186.19608
930730,E02000979,E02000843,13573.37706
930731,E02000979,E02000844,13820.51792
930732,E02000979,E02000845,15097.76193
930733,E02000979,E02000846,14224.38494
930734,E02000979,E02000847,15355.10769
930735,E02000979,E02000848,15424.74657
930736,E02000979,E02000849,14496.88542
930737,E02000979,E02000850,13629.16543
930738,E02000979,E02000851,15213.61286
930739,E02000979,E02000852,14966.39365
930740,E02000979,E02000853,15513.80922
930741,E02000979,E02000854,15196.70345
930742,E02000979,E02000855,16642.3979
930743,E02000979,E02000856,15730.62701
930744,E02000979,E02000857,16321.15268
930745,E02000979,E02000858,15866.16811
930746,E02000979,E02000859,16224.35649
930747,E02000979,E02000860,16591.26583
930748,E02000979,E02000861,16937.18423
930749,E02000979,E02000863,17863.29937
930750,E02000979,E02000864,8560.492361
930751,E02000979,E02000865,6678.363334
930752,E02000979,E02000866,7578.442867
930753,E02000979,E02000867,8544.363907
930754,E02000979,E02000868,6127.285947
930755,E02000979,E02000869,5472.615235
930756,E02000979,E02000870,6758.420967
930757,E02000979,E02000871,8865.937915
930758,E02000979,E02000872,5350.050661
930759,E02000979,E02000873,7045.298807
930760,E02000979,E02000874,6348.449905
930761,E02000979,E02000875,8225.562542
930762,E02000979,E02000876,5865.735874
930763,E02000979,E02000877,7616.00279
930764,E02000979,E02000878,4904.436273
930765,E02000979,E02000879,6331.810911
930766,E02000979,E02000880,5825.622034
930767,E02000979,E02000881,8959.412922
930768,E02000979,E02000882,6866.428992
930769,E02000979,E02000883,8559.294606
930770,E02000979,E02000884,5015.582898
930771,E02000979,E02000885,5830.195378
930772,E02000979,E02000886,7283.260032
930773,E02000979,E02000887,7992.368292
930774,E02000979,E02000888,6134.42175
930775,E02000979,E02000889,5020.653672
930776,E02000979,E02000890,4864.604478
930777,E02000979,E02000891,8845.516575
930778,E02000979,E02000893,8741.438553
930779,E02000979,E02000894,8027.587245
930780,E02000979,E02000895,17449.71002
930781,E02000979,E02000896,17978.40773
930782,E02000979,E02000897,16743.09662
930783,E02000979,E02000898,16013.41017
930784,E02000979,E02000899,15575.43194
930785,E02000979,E02000900,14626.77514
930786,E02000979,E02000901,15477.76577
930787,E02000979,E02000902,14500.84529
930788,E02000979,E02000903,13361.9543
930789,E02000979,E02000904,14465.82258
930790,E02000979,E02000905,13286.85587
930791,E02000979,E02000906,12605.36079
930792,E02000979,E02000907,13420.54268
930793,E02000979,E02000908,11814.39565
930794,E02000979,E02000909,13481.30168
930795,E02000979,E02000910,12302.31203
930796,E02000979,E02000911,11771.68177
930797,E02000979,E02000912,10665.56087
930798,E02000979,E02000913,12578.70786
930799,E02000979,E02000914,11853.45797
930800,E02000979,E02000915,13047.86436
930801,E02000979,E02000916,10283.61813
930802,E02000979,E02000917,11500.09909
930803,E02000979,E02000918,12596.7867
930804,E02000979,E02000919,11484.51163
930805,E02000979,E02000920,10599.20596
930806,E02000979,E02000921,11482.98706
930807,E02000979,E02000922,11983.38943
930808,E02000979,E02000923,2965.477941
930809,E02000979,E02000924,2428.074425
930810,E02000979,E02000925,3453.044117
930811,E02000979,E02000926,4205.415396
930812,E02000979,E02000927,3705.95893
930813,E02000979,E02000928,7213.804393
930814,E02000979,E02000929,4717.252304
930815,E02000979,E02000930,4224.817312
930816,E02000979,E02000931,4551.080082
930817,E02000979,E02000932,6334.283984
930818,E02000979,E02000933,7887.346505
930819,E02000979,E02000934,5248.748285
930820,E02000979,E02000935,9227.315345
930821,E02000979,E02000936,7415.675523
930822,E02000979,E02000937,5663.087756
930823,E02000979,E02000938,8536.313067
930824,E02000979,E02000939,5367.221176
930825,E02000979,E02000940,6579.281834
930826,E02000979,E02000941,6162.475425
930827,E02000979,E02000942,7323.469146
930828,E02000979,E02000943,5768.343588
930829,E02000979,E02000944,7947.34968
930830,E02000979,E02000945,9576.103811
930831,E02000979,E02000946,6885.034722
930832,E02000979,E02000947,7475.329044
930833,E02000979,E02000948,6830.987223
930834,E02000979,E02000949,6826.688506
930835,E02000979,E02000950,8496.317691
930836,E02000979,E02000951,6968.111104
930837,E02000979,E02000952,7086.205264
930838,E02000979,E02000953,7823.473535
930839,E02000979,E02000954,7637.977812
930840,E02000979,E02000955,7898.721053
930841,E02000979,E02000956,8410.184157
930842,E02000979,E02000957,8534.573865
930843,E02000979,E02000958,8241.478086
930844,E02000979,E02000959,8434.54276
930845,E02000979,E02000960,4543.732982
930846,E02000979,E02000961,5201.686821
930847,E02000979,E02000962,4353.615432
930848,E02000979,E02000963,6190.824317
930849,E02000979,E02000964,5647.23732
930850,E02000979,E02000965,5057.666124
930851,E02000979,E02000966,4455.599864
930852,E02000979,E02000967,3561.370219
930853,E02000979,E02000968,3725.516139
930854,E02000979,E02000969,4778.784608
930855,E02000979,E02000970,2321.742583
930856,E02000979,E02000971,2878.81278
930857,E02000979,E02000972,1852.54963
930858,E02000979,E02000973,4572.150356
930859,E02000979,E02000974,3151.223189
930860,E02000979,E02000975,3623.338701
930861,E02000979,E02000976,4039.386684
930862,E02000979,E02000977,997.4860048
930863,E02000979,E02000978,2325.741552
930865,E02000979,E02000980,793.872152
930866,E02000979,E02000981,1043.972606
930867,E02000979,E02000982,1315.699321
930868,E02000979,E02000983,1294.183418
930869,E02000979,E02006782,14098.72829
930870,E02000979,E02006783,12821.73423
930871,E02000979,E02006784,12440.96133
930872,E02000979,E02006785,16549.8983
930873,E02000979,E02006786,16537.85886
930874,E02000979,E02006787,12870.2827
930875,E02000979,E02006788,12824.12696
930876,E02000979,E02006789,23457.48195
930877,E02000979,E02006791,9103.467481
930878,E02000979,E02006792,9625.089517
930879,E02000979,E02006793,13222.92224
930880,E02000979,E02006794,12552.32838
930881,E02000979,E02006795,18597.36927
930882,E02000979,E02006796,19287.37862
930883,E02000979,E02006798,7482.010324
930884,E02000979,E02006799,19417.3271
930885,E02000979,E02006800,18385.27583
930886,E02000979,E02006801,1447.649048
930887,E02000979,E02006802,2071.753051
930888,E02000979,E02006836,18161.41445
930889,E02000979,E02006853,7818.141914
930890,E02000979,E02006854,7869.296279
930891,E02000979,E02006882,16083.53411
930892,E02000979,E02006918,9231.129561
930893,E02000979,E02006921,9111.510992
930894,E02000979,E02006924,15627.76456
930895,E02000979,E02006925,16107.586
930896,E02000979,E02006927,11882.77094
930897,E02000979,E02006928,8307.671261
930898,E02000979,E02006929,10162.60925
930899,E02000979,E02006930,10248.43095
930900,E02000979,E02006931,9311.012274
